restaurant_city,latitude,longitude
Acampo,38.1746398,-121.2785588
Acton,34.48074149999999,-118.1868378638664
Adelanto,34.582769899999995,-117.40921499999999
Agoura Hills-Malibu,34.1423837,-118.74902150000001
Agua Dulce,34.4963817,-118.3256348
Alamo,37.8560145,-121.99359432055685
Albion,39.2235117,-123.7686251
Aliso Viejo,33.576137599999996,-117.7258122
Alpine,38.5893934,-119.8345013
Alta Loma,34.122887,-117.59857749999999
Alturas,41.487123,-120.5423271
Alviso,37.426051,-121.97523729999999
American Canyon,38.223457,-122.22704307123536
Anaheim Hills,33.844408200000004,-117.7773862
Anchor Bay,38.8026883,-123.57778940000001
Anderson,40.448208,-122.2977815
Angel Island,37.862338,-122.43089275324257
Angels Camp,38.0695732,-120.5405039
Angwin,38.5783555,-122.44865154545454
Antelope,38.7082357,-121.3299513
Antioch,38.0049214,-121.80578899999999
Apple Valley,34.5008311,-117.18587590000001
Arbuckle,39.0168635,-122.0624415313232
Arcata,40.866517,-124.08283999999999
Arleta,34.2413266,-118.4322047
Arnold,39.518771,-123.39362309999999
Arroyo Grande,35.118586900000004,-120.590725
Arvin,35.209129,-118.82843100000001
Atascadero,35.4894169,-120.67072549999999
Atherton,37.453773,-122.20582720000002
Atwater,37.353521,-120.60310930084893
Atwater Village,34.1163979,-118.25646370000001
Avenal,36.0041223,-120.12902720000001
Azusa,34.1338751,-117.90560459999999
Badger,48.9779467,-56.04185855116675
Bakersfield,35.3738712,-119.01946389999999
Balboa Island,33.606555900000004,-117.89431432651638
Baldwin Park,34.0854739,-117.96117609999999
Banning,33.9255685,-116.875289
Barstow,34.8957684,-117.0172077
Bay Area,37.7884969,-122.3558473
Bay Point,38.0331145,-121.97930381529406
Baywood Park,35.3263634,-120.8351785
Bear Valley,37.5688237,-120.1193489
Beaumont,53.3525496,-113.41514340000002
Bell Gardens,33.9694561,-118.1503953
Belmont Shore,33.7572435,-118.1370107
Belvedere,37.872704399999996,-122.46441709999999
Belvedere-Tiburon,37.8771208,-122.4616696
Ben Lomond,40.0021074,-121.3066332
Benicia,38.049365,-122.1585777
Big Bear,43.23172255,-79.8555579186858
Big Bear City,34.267886,-116.84859785319149
Big Pine,37.16480120000001,-118.28992279999999
Blairsden,39.7753335,-120.60878046922966
Blairsden-Graeagle,39.7710521,-120.61994579999998
Bloomington,34.060665,-117.40080832546131
Blue Jay,34.2460204,-117.210297
Blue Lake,40.8746075,-123.97565448171578
Blythe,33.61347670000001,-114.59375370000001
Bodega,38.345194,-122.9738878
Bodega Bay,38.273528999999996,-123.0061118
Bolinas,37.909370200000005,-122.6863733
Bonita,32.664798,-117.01596176077473
Bonny Doon,37.0416156,-122.15052240000001
Boonville,39.0091667,-123.3661111
Boron,35.01992715,-117.66791822379915
Borrego Springs,33.2566792,-116.37826820000001
Boyes Hot Springs,38.3127545,-122.4868901485955
Bradley,35.8628636,-120.8037593106835
Brentwood,37.9317766,-121.69602659999998
Bridgehaven,38.433074700000006,-123.101945
Bridgeport,38.255757,-119.2312665
Brockway,39.22700570000001,-120.0074997
Brooks,50.571027,-111.893005
Burney,40.8884145,-121.67278262034249
Buttonwillow,35.418306,-119.43018293665756
CIty of Industry,40.7630341,-111.88487520000001
Calexico,32.679057199999995,-115.498703
Calimesa,34.003904399999996,-117.0619774
Cambria,35.564142499999996,-121.0811062
Cameron Park,38.682001850000006,-120.98514424518402
Camino,40.0409899,-122.17054669999999
Camp Pendleton,33.3107771,-117.4826115
Canyon Country,34.42332929999999,-118.4720281
Capay,39.7965477,-122.084428
Cardiff,44.9957448,-78.01461690000001
Cardiff By The Sea,33.0220155,-117.2803463
Cardiff by the Sea,33.0220155,-117.2803463
Cardiff-by-the-Sea,33.0220155,-117.2803463
Carmel Valley,36.48290245,-121.71417288463448
Carmel Valley Village,36.48290245,-121.71417288463448
Carmel-By-the-Sea,36.555238700000004,-121.92328789999999
Carmichael,38.62709845,-121.32224222755407
Carpinteria,34.3988838,-119.5184564
Casmalia,34.8380355,-120.53127849999998
Caspar,39.363504999999996,-123.815849
Castaic,34.488882200000006,-118.6228656
Castro Valley,37.71573685,-122.09063177147787
Castroville,36.7657904,-121.75800500000001
Cathedral City,33.822998049999995,-116.46687024271161
Cazadero,38.5334117,-123.0854625
Cedar Glen,34.2535896,-117.16465120000001
Cedar Grove,36.790774400000004,-118.6703779
Cedarville,41.5290606,-120.17327809999999
Central LA,37.37139019999999,-121.94410119072685
Ceres,37.5949316,-120.9577098
Chatsworth,34.2595715,-118.6023247
Cherry Valley,33.97956550000001,-116.97058444015579
Chester,40.298829,-121.23712498106977
Chico,39.728494500000004,-121.8374777
Chino,34.013356099999996,-117.690075
Citrus Heights,38.7071247,-121.2810611
City Industry,34.0197335,-117.95867539999999
Civilization,43.83787879999999,-79.4305082
Clarksburg,44.5487289,-80.4657729
Clearlake,38.9582307,-122.62637279999998
Clio,39.7495505,-120.56507863621441
Cloverdale,38.776218,-122.99300818666056
Clovis,36.8252277,-119.70291940000001
Coachella,33.68656595,-116.15327749528778
Colfax,39.1007902,-120.95329469999999
Colfax-Summit,36.3621926,-104.59158240000001
Coloma,38.799901399999996,-120.890216
Colton,34.0739016,-117.3136547
Commerce,34.002581,-118.156586
Cool,52.51459555,-8.393054294642852
Copperopolis,37.941764,-120.63679473786408
Corning,39.927657200000006,-122.17915559999999
Corralitos,36.9951268,-121.78940989713631
Cotati,38.326679799999994,-122.70684409999998
Covina,34.08214965,-117.87212381516031
Crescent City,41.755948,-124.201747
Crestline,34.2495525,-117.29389561188812
Crockett,38.036666,-122.20531126326466
Crowley Lake,37.564155,-118.7454082
Davenport,43.6715454,-79.4483222
Death Valley,36.42404725,-116.914043672057
Deer Park,43.68809,-79.39409350000001
Descanso,32.8528287,-116.61585249999999
Desert Hot Springs,33.961124,-116.5016784
Diamond Bar,34.028622600000006,-117.81033670000001
Dillon Beach,38.2481035,-122.95520923129016
Dinkey Creek,37.0867399,-119.1564351
Disneyland,33.8136476,-117.91971592742884
Dixon,38.4454641,-121.82329579999998
Dorrington,38.297418,-120.27356842381786
Downieville,39.5604439,-120.82821770000001
Duarte,34.1394513,-117.97728729999999
Duncans Mills,38.453803,-123.0550013
Dunlap,36.738281,-119.1209469
Dunsmuir,41.208209000000004,-122.271953
Eagle Mountain,33.857513700000005,-115.4872075
East Los Angeles,34.0239015,-118.17201570000002
Eastvale,33.974706700000006,-117.56654109999998
El Cajon,32.7947731,-116.96252690000001
El Centro,32.792,-115.56305139999999
El Cerrito,37.91540560000001,-122.30141100000002
El Dorado,38.75741370000001,-120.5276129
El Dorado Hills,38.67716825,-121.06431968581431
El Granada,37.513127000000004,-122.46731582660922
El Portal,37.6746526,-119.78406809999998
El Sereno,34.0811213,-118.17784950000001
El Sobrante,37.977447600000005,-122.2949894
El Toro,37.1205328,-121.67332140000002
Elk,39.1295408,-123.7158889
Elk Grove,38.4087993,-121.37161780000001
Elverta,38.713791,-121.4627326
Escalon,37.797427299999995,-120.9966033
Eureka,40.80207120000001,-124.16367290000001
Fair Oaks,38.64289700000001,-121.24624532104002
Fairfax,37.9872935,-122.58796740000001
Fall River Mills,41.00455615,-121.44117792686552
Fallbrook,33.3764196,-117.2511466
Farmington,44.613246999999994,-64.6647241
Fawnskin,34.2680621,-116.9425342
Felton,37.0415836,-122.0769929309627
Ferndale,40.576240999999996,-124.263944
Fiddletown,38.5037966,-120.75548909999998
Firebaugh,36.8588376,-120.45600719999999
Fish Camp,37.4785497,-119.6404311
Fletcher Cove Beach Park,32.991155,-117.2744815
Folsom,38.6779591,-121.17605829999998
Fontana,34.0922335,-117.435048
Foothill Ranch,33.683764399999994,-117.662249
Fortuna,40.597407000000004,-124.156034
Freedom,36.93908820000001,-121.77129750557287
Fulton,38.4956949,-122.7700047
Galt,38.2546373,-121.29994850000001
Garberville,40.100569,-123.796139
Gaviota,34.47165579999999,-120.2148716
Georgetown,46.18440770000001,-62.5315437
Glassell Park,34.1161201,-118.22896270000001
Glen Avon,34.015413,-117.49253294451084
Gold River,49.7807549,-126.04730149999999
Gonzales,36.492008500000004,-121.47843967541506
Granada Hills,34.26615579999999,-118.5174342
Grand Terrace,34.0339031,-117.3136544
Grant Grove,36.2554945,-117.9939712
Grass Valley,39.2190799,-121.06194620000001
Greenbrae,37.9485356,-122.5247031
Greenfield,36.320799799999996,-121.2438138
Gridley,39.363777299999995,-121.693583
Groveland,37.83826079999999,-120.23268940000001
Groveland-Big Oak Flat,37.856201,-120.20680995661155
Grover Beach,35.1209452,-120.62183700000001
Guadalupe,34.971644,-120.57183629999999
Gualala,38.7674439,-123.52982809999999
Hancock Park,34.0677801,-118.33263500000001
Hanford,36.3274502,-119.64568440000001
Harbor City,33.79110120000001,-118.3012604
Harbor Gateway,33.8542249,-118.29921979999999
Harmony,45.3389601,-63.197945499999996
Hawaiian Gardens,33.8284787,-118.0743137
Hemet,33.7475203,-116.97196840000001
Hercules,38.017144099999996,-122.28858079999999
Hermosa,38.0172961,-121.87241770000001
Hesperia,34.4263886,-117.3008784
Highland,34.1283442,-117.2086513
Highland Park,34.1099469,-118.1969828
Hillsborough,37.557252000000005,-122.3625291
Hilmar,37.4085479,-120.85020349999999
Hollister,36.8524545,-121.40160209999999
Homewood,44.65592325,-75.5881667806019
Hopland,38.972954200000004,-123.1163918
Hume,36.7849455,-118.9137179
Huntington Park,33.982704299999995,-118.21203429999998
Idyllwild,33.7402774,-116.71894240000002
Idyllwild-Pine Cove,33.7435011,-116.72377802857142
Imperial Beach,32.58394439999999,-117.11308490000002
Independence,36.821987,-118.20512944399435
Indian Wells,33.7217965,-116.3383034
Industry,34.0197335,-117.95867539999999
Inverness,46.259677200000006,-71.521879
Inyokern,35.65205500000001,-117.81766295868346
Irvine Spectrum,33.654236499999996,-117.747701
Irwindale,34.1069927,-117.9342148
Isleton,38.1618614,-121.6116206
Jackson,38.3488024,-120.7741018
Jacumba,32.61858505,-116.18746639559515
Jamestown,37.9588565,-120.40443116813324
Jamul,32.7169988,-116.87613470000001
Jenner,50.75,-111.183333
Johannesburg,35.3732015,-117.64328743049795
Joshua Tree,34.12652620000001,-116.32093491214891
June Lake,37.78075065,-119.08080154145368
Kearny Mesa,32.828924300000004,-117.14241499999999
Kelseyville,38.9779531,-122.8394375
Kensington,46.4360505,-63.63787320000001
Kentfield,37.9519958,-122.55721159999999
Kernville,35.733073499999996,-118.43394593561493
Kings Beach,39.2362794,-120.0233622
Kings Canyon National Park,36.91527845,-118.60765585962608
Klamath,41.533995,-124.01556516400869
Knights Landing,38.79962379999999,-121.71829699999999
Kyburz,38.77462979999999,-120.29685959999999
La,61.0666922,-107.9917071
La Canada,61.0666922,-107.9917071
La Costa,44.2093005,11.331532300000001
La Crescenta,34.230429,-118.2350733
La Crescenta-Montrose,34.2192742,-118.23188710000001
La Habra,33.9316066,-117.9454867
La Habra Heights,33.960454600000006,-117.9504255
La Honda,37.3191086,-122.27413519999999
La Mesa,32.7678288,-117.02308390000002
La Mirada,33.906097100000004,-118.0107092
La Palma,33.846404,-118.04673059999999
La Puente,34.01979,-117.95036770000002
La Quinta,33.66365425,-116.27770251129586
La Verne,34.10084260000001,-117.7678355
Ladera Heights,33.9943126,-118.37350890000002
Ladera Ranch,33.551016499999996,-117.63854009999999
Laguna Niguel,33.5225261,-117.70755259999999
Laguna Woods,33.6106076,-117.72497220000001
Lagunitas,38.011312,-122.7022085
Lagunitas-Forest Knolls,38.0149754,-122.69004050000001
Lake Arrowhead,34.2489684,-117.1913321
Lake Elsinore,33.668077200000006,-117.3272615
Lake Isabella,35.638326,-118.48446958199331
Lakeport,39.0433935,-122.9216668687472
Lakeshore,37.2521504,-119.1737399
Lakeside,32.85041,-116.89600133970856
Lancaster,34.6992504,-118.15675690371792
Landers,34.266114,-116.39307029999999
Largo,39.0215633,-123.13000320000002
Lathrop,37.8227046,-121.27661
Laytonville,39.672754,-123.49403629674795
Lebec,34.841643499999996,-118.8648189
Leggett,39.8657071,-123.71418840000001
Lemon Grove,32.7425516,-117.0314172
Lemoore,36.3006495,-119.78271219999999
Lennox,33.9390306,-118.35744270000001
Leona Valley,34.618321,-118.288133
Lincoln,38.8598295,-121.34239205792437
Lindsay,36.2030064,-119.08816000000002
Little River,39.2707318,-123.7883473
Live Oak,39.2757232,-121.6599701
Lockeford,38.163529700000005,-121.14994469999999
Lodi,38.1301968,-121.2724473
Loma Linda,34.075626,-117.25204775
Loma Mar,37.2710032,-122.30816259999999
Lompoc,34.6391501,-120.4579409
Lone Pine,36.583176,-118.07835929489715
Loomis,38.8212889,-121.1930041
Los Alamos,34.7379311,-120.26591046240952
Los Alto Hills,34.1122991,-118.31342820000002
Los Altos Hills,37.379662700000004,-122.13746370000001
Los Banos,37.059225299999994,-120.8505342
Los Osos,35.3107214,-120.8323487
Lost Hills,35.63238699999999,-119.67765694437855
Lotus,38.801567999999996,-120.9085501
Lucerne Valley,34.4436167,-116.94552390000001
Ludlow,34.7218178,-116.1619558
Lynwood,33.924831,-118.2024154
Madera,36.9622745,-120.05946850000001
Magalia,39.8219895,-121.6106544865772
Manteca,37.7986184,-121.21171480000001
Mar Vista,34.0037605,-118.43916409999999
Marin County,38.0409144,-122.61996380000001
Mariposa,37.570147999999996,-119.90365919999999
Markleeville,38.667185499999995,-119.83128225726742
Martinez,38.0138934,-122.13386740000001
Marysville,39.1457247,-121.59135159999998
McClellan,40.4751408,-123.70864990000001
McCloud,41.2497685,-122.135266342664
McKinleyville,40.966005,-124.102789774524
Meadows,48.9936523,-58.0558122
Meeks Bay,39.034352,-120.1240761
Menifee,33.68644320000001,-117.1770437
Mentone,34.058840000000004,-117.10960647472359
Merced,37.1641544,-120.7678602
Middletown,38.7528585,-122.62419487634216
Midpines,37.544379799999994,-119.9204507
Milbrae,32.702263,-117.113579
Mineral,40.3469311,-121.5993148
Mira Loma,33.98208635,-117.51535113578815
Mission Beach,32.7825908,-117.2524943
Mission Hills,34.687584,-120.43901754304564
Mission Valley,32.7705017,-117.1540695
Mission Viejo,33.5965685,-117.659405
Modesto,37.6390972,-120.99687820000001
Mokelumne Hill,38.3013435,-120.71114384392945
Mono Hot Springs,37.3265435,-119.0172288
Montara,37.549420500000004,-122.49354100463822
Montclair,34.0775104,-117.68977759999999
Monte Rio,38.466359000000004,-123.01964563931804
Montecito,34.436879000000005,-119.62406510839041
Montrose,49.0784097,-117.59286159999999
Moraga,37.834897,-122.12883000000001
Morgan Hill,37.130408,-121.65449740000001
Mount Baldy,51.013126299999996,-115.04968640000001
Mount Hermon,37.0510596,-122.0585746
Mount Laguna,32.866974400000004,-116.4188217
Mount Shasta,41.409189700000006,-122.194953
Mt Baldy,45.978621999999994,-74.1373095
Mt Shasta,41.409189700000006,-122.194953
Mt. Wilson,34.2238723,-118.06118719999999
Murphys,38.13742020000001,-120.45964369999999
Murrieta,33.577752399999994,-117.18845420205307
Myers,45.36469375,-75.73004636839948
Needles,34.8480597,-114.6141316
Nevada City,39.2615606,-121.0160594
Newberry-Baker,34.2624186,-81.62817209999999
Newbury Park,34.183671000000004,-118.91183020000001
Newcastle,38.8740658,-121.13328059999999
Newman,37.313948700000005,-121.02042220000001
Nicasio,38.0615885,-122.6985975
Niland,33.2376852,-115.51355374359429
Nipomo,35.03582160000001,-120.4964189159617
Norco,33.9323307,-117.55089009999999
Norden,39.3178273,-120.35573190000001
North Highlands,38.671097499999995,-121.3879538180464
North Hills,34.2429575,-118.4854081
North Pacific Beach,32.797826799999996,-117.2403183
North Park,32.7483876,-117.1301564
North San Juan,39.369864,-121.10544840000001
Norwalk,33.909280200000005,-118.0849169
Novato,38.1061979,-122.56811909999999
Oak Glen,34.049457399999994,-116.94780449999999
Oak Park,34.1792025,-118.7619719
Oakdale,37.78735135,-120.81972543130207
Oakhurst,37.333178,-119.65724412283629
Oakley,37.9974219,-121.71245359999999
Occidental,38.4010855,-122.93126325128165
Oceano,35.0988648,-120.612393
Olancha,36.270251,-117.99971879375559
Old Orcutt,34.8650717,-120.4366904
Old Station,40.67516079999999,-121.43081049999999
Olema,38.0407566,-122.7880459
Olympic Valley,39.1963221,-120.2335988
Onyx,35.687366,-118.18035835874626
Orangevale,38.6840715,-121.21839903078863
Orcutt,34.8650717,-120.4366904
Orick,41.2867896,-124.05979369999999
Orinda,37.8771476,-122.17968880000001
Orland,39.747110600000006,-122.1911356
Oro Grande,34.598881299999995,-117.33421340000001
Oroville,39.513775200000005,-121.55635900000001
Oxnard,34.1976308,-119.18038179999999
Pacheco,37.9856477,-122.073039
Pacific Beach,32.797826799999996,-117.2403183
Pacoima,34.262502500000004,-118.427027
Paicines,36.7285708,-121.2785409
Pala,33.3653102,-117.07669650000001
Palmdale,34.5793131,-118.1171108
Palo Verde,33.427043,-114.72739567629057
Palomar Mountain,33.3228128,-116.87863590000002
Palos Verdes Estates,33.7872386,-118.40181299999999
Palos Verdes Peninsula,33.77984925,-118.3722057919907
Panorama City,34.2242902,-118.44537450000001
Paradise,47.5255933,-52.872414500000005
Paramount,33.898917,-118.17100500000001
Patterson,37.471623,-121.1296949
Pauma Valley,33.3033679,-116.98141670000001
Pearblossom,34.506383,-117.9097881
Peninsula,44.53123335,-64.24467200159904
Penngrove,38.2996376,-122.66665330000001
Perris,33.7825194,-117.22864779999999
Phelan,34.426297999999996,-117.57250259999998
Piedmont,37.824371500000005,-122.23163500000001
Pine Grove,39.3493389,-123.8141821
Pine Mountain Club,34.844750299999994,-119.15781322893068
Pine Valley,32.841743949999994,-116.51504789059828
Pinecrest,39.1626734,-120.9682777
Pinole,38.0043667,-122.29885870000001
Pioneertown,34.1557575,-116.49627190000001
Pismo,33.7312058,-117.7697509
Pittsburg,38.0181745,-121.8901232
Placerville,38.7296252,-120.798546
Playa Vista,33.976010200000005,-118.4181654
Playa del Rey,33.9541453,-118.4388067
Plymouth,38.4818531,-120.84465900000001
Point Arena,38.908798,-123.69307260000001
Point Reyes,37.995318100000006,-123.02346570000002
Point Reyes Sta,37.995318100000006,-123.02346570000002
Point Richmond,37.924091499999996,-122.38913829999998
Pollock Pines,38.7497125,-120.57766446881607
Pope Valley,38.6151837,-122.427757
Port Hueneme,34.1477558,-119.19515590000002
Porter Ranch,34.2818164,-118.56127140000001
Porterville,36.06523,-119.0167679
Portola,39.819389,-120.46736204229073
Portola Valley,37.373629799999996,-122.219047
Poway,32.9628234,-117.0358646
Princeton-by-the-Sea,37.5049409,-122.48692220000001
Pt. Richmond,37.924091499999996,-122.38913829999998
Quincy,39.930994500000004,-120.95357394728883
Ramona,33.035378,-116.86751322074122
Ranchita,33.2100397,-116.5166835
Rancho Bernardo,33.0186103,-117.06104950000001
Rancho Cordova,38.5890723,-121.302728
Rancho Santa Fe,33.024194949999995,-117.19815158464623
Red Bluff,40.178427899999996,-122.2359236
Redding,40.5863563,-122.3916754
Redwood  City,37.4863239,-122.232523
Redwood Shores,37.5318804,-122.2480219
Redwood Valley,39.26841725,-123.19937042155392
Reedley,36.5963395,-119.45040290000001
Rialto,34.1064001,-117.37032350000001
Ridgecrest,35.6225064,-117.66994140000001
Rimforest,34.2297292,-117.2250419
Rio Dell,40.499301,-124.10643700000001
Ripon,45.7831185,-75.0997632
Riverbank,37.7360396,-120.9354895
Rocklin,38.7907339,-121.2357828
Rockridge,37.8447104,-122.25134809999999
Rodeo,38.0339842,-122.2676656
Rohnert Park,38.3396367,-122.70109840000002
Rolling Hills Estate,35.9112906,-82.3628676
Rolling Hills Estates,33.787794299999995,-118.3581284
Ross,37.9624239,-122.55497749999999
Running Springs,34.2124412,-117.12487761192112
S San Gabriel,34.0497275,-118.0942289
S. San Francisco,37.653540299999996,-122.4168664
SIlverlake,33.952034399999995,-117.55282339593693
Sacaramento,11.4799866,-85.6781056
Salida,37.7151375,-121.08667876282566
Salinas,36.6744117,-121.6550372
San Anselmo,37.9744323,-122.56150320000002
San Ardo,36.025425,-120.9080129570552
San Bernardino,34.8253019,-116.0833144
San Bernardino County,34.8253019,-116.0833144
San Dimas,34.1066756,-117.8067257
San Fernando,34.28497,-118.437652
San Fernando Valley,34.21488529999999,-118.49982040000002
San Geronimo,38.006614,-122.66124494462721
San Gregorio,37.32691679999999,-122.3865767
San Jacinto,33.7839664,-116.95890859999999
San Juan Bautista,36.8455173,-121.53798940000001
San Lorenzo,37.67358950000001,-122.13185702134773
San Martin,37.089655,-121.59450459760274
San Mateo County,37.496904,-122.33305729999998
San Miguel,35.754959,-120.69322707884932
San Pablo,37.96214570000001,-122.3455263
San Pedro,33.7358518,-118.2922934
San Quentin,37.9413133,-122.4849739
San Ysidro,32.5520013,-117.04308130000001
Sand City,36.6171819,-121.8482855
Sanger,36.708006,-119.5559652
Santa Clarita,34.3916641,-118.54258600000001
Santa Fe Springs,33.9480787,-118.06914990000001
Santa Jose,45.4028164,-75.6103389
Santa Maria,34.953129499999996,-120.4358577
Santa Nella,38.497135,-122.96666440000001
Santa Ynez,34.608637,-120.1046774214973
Santa Ysabel,33.109209899999996,-116.6730763
Santee,32.8383828,-116.97391670000002
Saugus,34.4493489,-118.5168257
Scotts Valley,37.051059499999994,-122.0146841
Seaside,36.62593,-121.81693834569451
Seiad Valley,41.8418128,-123.194727
Selma,36.5707838,-119.61207649999999
Sequoia National Park,36.49584065,-118.55991938438645
Sharp Park,37.6360466,-122.48803000000001
Shaver Lake,37.09684,-119.32025832557328
Shell Beach,35.155253200000004,-120.6723949
Sierra,39.5849065,-120.5305731
Sierraville,39.5896256,-120.36743009999999
Signal HIll,33.804826,-118.168259
Signal Hill,33.804826,-118.168259
Silverado,50.884366299999996,-114.0780347
Silverlake,33.952034399999995,-117.55282339593693
So Pasadena,34.14764520000001,-118.14447790000001
So San Francisco,37.779026200000004,-122.4199061
So. San Francisco,37.779026200000004,-122.4199061
Soda Springs,39.0240651,-123.31584099999999
Soledad,36.4671435,-121.33474018341451
Somerset,73.074375,-93.584
Sonora,37.9840911,-120.3821381
Soquel,36.99256800000001,-121.94285974303101
South El Monte,34.0519548,-118.04673390000002
South Gate,33.9463456,-118.200981
Spring Valley,32.729639500000005,-116.9668617593562
Springville,36.123081,-118.83973999924812
Squaw Valley,36.7059295,-119.20015587604178
Stevenson Ranch,34.3881783,-118.58539569999999
Stockton,37.9577016,-121.29077959999998
Strathmore,51.0467479,-113.40548860649379
Suisun City,38.24582825,-121.97223398945441
Suisun Valley,38.2382474,-122.040244
Summerland,49.6,-119.66666699999999
Sun Valley,34.2204227,-118.3878945
Sunland,34.266946600000004,-118.3023
Sunol,37.58334455,-121.89333722934248
Sunset  Beach,33.7179231,-118.0706056
Surfside,33.7277956,-118.08228559999999
Sutter Creek,38.3929675,-120.8024357
Sutter Hill,38.37824570000001,-120.80160249999999
Sylmar,34.307625200000004,-118.44921480000001
Tahoe Vista,39.248688,-120.05190527610762
Tahoma,39.068007200000004,-120.13202050000001
Taipei City,14.48373395,121.01725876355343
Tecate,32.5833711,-116.6285217
Tecopa,35.8465745,-116.21604161376058
Tehachapi,35.1321878,-118.44897390000001
Temple City,34.1082994,-118.05775679999999
Terra Linda,38.0040893,-122.5497
The Sea Ranch,38.7149778,-123.455009
Thousand Palms,33.8217125,-116.39358
Three Rivers,36.420496500000006,-118.88033896697641
Tierrasanta,32.829215500000004,-117.10364299999999
Timber Cove,38.5296352,-123.2711192
Tipton,36.05881595,-119.31294805785187
Tomales,38.2468075,-122.90630461024095
Topanga Canyon,33.7226304,-117.77818490000001
Trabuco Canyon,33.6626232,-117.58938
Tracy,37.7396513,-121.42522269999999
Traver,36.451702000000004,-119.4824172709824
Tres Pinos,36.7899573,-121.32104299999999
Trinidad,41.059290999999995,-124.143125
Trinity Center,40.9832011,-122.69974409999999
Tujunga,34.252225,-118.2884105
Tulare,36.2516475,-118.85258300000001
Turlock,37.494656799999994,-120.84659409999999
Twain Harte,38.033734499999994,-120.23849407809429
Twentynine Palms,34.1356915,-116.0543506
Twin Bridges,38.8103726,-120.1238445
Twin Peaks,37.75464,-122.44648000000001
Ukiah,39.1501662,-123.2077861
Union CIty,37.5963232,-122.08162970000001
Universal Cty,34.1412229,-118.35819409999999
Upland,34.09751,-117.64838759999999
Vacaville Ca,38.3565773,-121.98774440000001
Vallecito,38.0704785,-120.44567161383476
Vallejo,38.1040864,-122.25663670000002
Valley Center,33.226192999999995,-117.02912997949079
Valley Glen,34.182637899999996,-118.41386659999999
Venice Beach,33.97996005,-118.46878181253349
Ventura,34.4458248,-119.07793590000001
Vernon,34.007135,-118.22525
Victorville,34.536106700000005,-117.2911565
Villa Park,33.8147541,-117.82062350000001
Visalia,36.330228399999996,-119.2920585
Vista,33.2000368,-117.2425355
Volcano,38.4427907,-120.63096350000001
W Hollywood,34.0923014,-118.36928940000001
Walnut,33.708588299999995,-117.79260959999999
Walnut Creek and San Francisco,37.9020731,-122.0618702
Walnut Park,33.9692761,-118.2239906
Warner Springs,33.2822596,-116.63363030000001
Wasco,35.5941238,-119.34094569999999
Washington,39.3593424,-120.79910770000001
Watsonville,36.9092773,-121.7529071
Weaverville,40.756494,-122.9366462745098
Weed,41.42265,-122.386127
Weott,40.3214878,-123.9226034
West Covina,34.0686208,-117.93895259999998
West Hills,34.2032325,-118.645476
West Sacramento,38.5804609,-121.53023400000001
Westlake Village,34.1460234,-118.8061794
Westley,37.549376,-121.19910359999999
Westwood Village,34.0594537,-118.44424620000001
Whittier,33.9708782,-118.0308396
Wildomar,33.61603035,-117.25605451906164
Williams,39.148789,-122.15370808121037
Willits,39.4096043,-123.3555602
Willow Creek,40.9395774,-123.6314412
Willow Glen,37.3085937,-121.9008874
Willows,39.5233276,-122.19353100000001
Wilmington,33.7800164,-118.2625095
Winchester,33.719382249999995,-117.06328473837351
Windsor,42.317099,-83.0353434
Winters,38.5249065,-121.9708017
Woodbridge,43.7848982,-79.59238549999999
Woodland,38.6786109,-121.77332849999999
Yermo,34.904984899999995,-116.82031270000002
Yorba Linda,33.8901096,-117.8249705
Yorkville,43.67138610000001,-79.3901677
Yreka,41.732616,-122.63776599999998
Yuba City,39.1404477,-121.6169108
Yucaipa,34.033625,-117.0430865
Yucca Valley,34.12346289999999,-116.4140676
Zzyzx,35.142760700000004,-116.10473529999999
manhattan beach,33.8915985,-118.39512409999999
san francisco,37.779026200000004,-122.4199061
santa clarita,34.3916641,-118.54258600000001
west Los Angeles,34.0463986,-118.44813500000001
San Francisco,37.7790262,-122.4199061
Los Angeles,34.0536909,-118.242766
San Diego,32.7174202,-117.1627728
San Jose,37.3361905,-121.890583
Oakland,37.8044557,-122.2713563
Berkeley,37.8708393,-122.2728639
Santa Monica,34.0194704,-118.4912273
Sacramento,38.5810606,-121.4938951
Long Beach,33.7690164,-118.191604
San Mateo,37.496904,-122.3330573
Irvine,33.6856969,-117.8259819
Pasadena,34.1476452,-118.1444779
Palo Alto,37.4443293,-122.1598465
Costa Mesa,33.6633386,-117.903317
Santa Clara,37.2333253,-121.6846349
Mountain View,37.3893889,-122.0832101
Torrance,33.8358492,-118.3406288
Santa Barbara,34.4221319,-119.7026673
Anaheim,33.8347516,-117.911732
Sunnyvale,37.3688301,-122.0363496
Fremont,37.5482697,-121.9885719
Newport Beach,33.6170092,-117.9294401
Milpitas,37.4282724,-121.9066238
West Hollywood,34.0923014,-118.3692894
Redwood City,37.4863239,-122.232523
Huntington Beach,33.6783336,-118.0000166
Burbank,34.1816482,-118.3258554
Beverly Hills,34.0696501,-118.3963062
Santa Ana,33.7494951,-117.8732213
Santa Rosa,38.4404925,-122.7141049
Napa,38.2971367,-122.2855293
Culver City,34.0211224,-118.396466
La Jolla,32.83259,-117.2716839
Walnut Creek,37.9020731,-122.0618702
Tustin,33.7458511,-117.826166
Alameda,37.6090291,-121.899142
Cupertino,37.3228934,-122.0322895
Burlingame,37.5841026,-122.3660825
Orange,33.7500378,-117.8704931
Glendale,34.1469416,-118.2478471
Santa Cruz,37.050096,-121.9905908
Carlsbad,33.1580933,-117.3505966
Redondo Beach,33.8455911,-118.3886766
Campbell,37.2870626,-121.9448818
South San Francisco,37.6535403,-122.4168664
San Carlos,37.504936,-122.2618236
Sherman Oaks,34.1508718,-118.4489865
Daly City,37.6904826,-122.4726708
Pleasanton,37.6624312,-121.8746789
Arcadia,34.1362075,-118.0401497
Garden Grove,33.7746292,-117.9463717
Monterey,36.2231079,-121.3877428
San Gabriel,34.0990733,-118.1085682
Riverside,33.9533546,-117.3961623
Alhambra,34.093042,-118.12706
Westminster,33.7578725,-117.9859054
Healdsburg,38.6298355,-122.85900211842105
Hayward,37.6688205,-122.080796
Palm Springs,33.772179449999996,-116.49529769785079
Petaluma,38.270022,-122.60612241304348
Fullerton,33.8708215,-117.9294165
Studio City,34.1483989,-118.3961877
Manhattan Beach,33.8915985,-118.3951241
San Luis Obispo,35.3540209,-120.3757163
San Bruno,37.6261715,-122.4332435
Sonoma,38.5110803,-122.8473388
Menlo Park,37.4519671,-122.1779927
Davis,38.545379,-121.7445835
Concord,37.9768525,-122.0335624
Venice,33.988334949999995,-118.46152716615018
Los Gatos,37.226611,-121.9746797
Dublin,37.7021521,-121.9357918
North Hollywood,34.1729044,-118.3740371
Temecula,33.4946353,-117.1473661
Gardena,33.8963593,-118.3053037
Monterey Park,34.051522,-118.129807
Emeryville,37.8314089,-122.2865266
Los Altos,37.3790629,-122.116578
Laguna Beach,33.5426975,-117.785366
San Rafael,37.9735346,-122.5310874
Encinitas,33.0369867,-117.2919818
Brea,33.9170444,-117.888855
South Lake Tahoe,38.9332411,-119.9843482
Palm Desert,33.74079965,-116.36936983394352
Fountain Valley,33.7038145,-117.9627349
Rowland Heights,33.9761238,-117.905339
Belmont,37.5164926,-122.2941914
Livermore,37.6820583,-121.7680531
Roseville,38.7521235,-121.2880059
Fresno,36.7394421,-119.7848307
El Segundo,33.917028,-118.4156337
Buena Park,33.870413,-117.9962165
Hermosa Beach,33.86428,-118.39591
Hollywood,34.0980031,-118.329523
Vacaville,38.3565773,-121.9877444
Union City,37.5963232,-122.0816297
Newark,37.5296593,-122.0402399
San Leandro,37.7249296,-122.1560768
Woodland Hills,34.1684364,-118.6058382
Fairfield,38.2493581,-122.039966
Cerritos,33.8644291,-118.0539323
Lake Forest,33.6469261,-117.6859213
Van Nuys,34.1866193,-118.4486669
Pleasant Hill,37.9479786,-122.0607963
Sausalito,37.8590272,-122.4854694
San Ramon,37.7648021,-121.9544387
Northridge,34.2345615,-118.5369316
Millbrae,37.598958,-122.4009419
Danville,37.8215929,-121.9999606
Marina Del Rey,33.9776848,-118.4486479
Carmel,38.75511285,-121.35330894827251
Rancho Cucamonga,34.1033192,-117.5751735
Goleta,34.4358295,-119.8276389
Pacifica,37.6138253,-122.4869194
Chula Vista,32.6400541,-117.0841955
Encino,34.1591324,-118.5016166
Rosemead,34.0676169,-118.0879763
San Clemente,33.4270275,-117.6124179
Mill Valley,37.9060368,-122.5449763
Albany,37.88687,-122.2977475
Oceanside,33.1958696,-117.3794834
Paso Robles,35.6267654,-120.6912456
Half Moon Bay,37.4635519,-122.428586
Solana Beach,32.9905597,-117.2691316
Malibu,34.035591,-118.689423
Foster City,37.5600336,-122.2688522
Mammoth Lakes,37.6432525,-118.9668509
Richmond,37.9357576,-122.3477486
San Marcos,33.1433723,-117.1661449
Thousand Oaks,34.17142715,
Corona,33.8752945,-117.5664449
Valencia,34.413819,-118.5610378
Monrovia,34.1483499,-118.0014517
Del Mar,32.9594891,-117.2653146
Inglewood,33.9562003,-118.353132
Chino Hills,33.9926803,-117.760056
Canoga Park,34.1909828,-118.5961783
Coronado,32.6915199,-117.1766947
Saratoga,37.2638324,-122.0230146
Calistoga,38.5787966,-122.5797054
Artesia,33.8690197,-118.0796195
Pomona,34.0553813,-117.7517496
Lafayette,37.8857582,-122.1180201
Truckee,39.327962,-120.1832533
Dana Point,33.4669721,-117.6981075
Saint Helena,38.5052288,-122.4700424
Laguna Hills,33.5948758,-117.6882067
Ontario,50.000678,-86.000977
Carson,33.8322043,-118.2517547
Gilroy,37.0065078,-121.5631723
Redlands,34.055735,-117.1888961
South Pasadena,34.1133062,-118.1478291
Stanford,37.426540700000004,-122.17029258409187
Yountville,38.4022008,-122.3595063
Lakewood,33.8503463,-118.1171914
Camarillo,34.2176371,-119.0383541
Glendora,34.1361187,-117.865339
Solvang,34.5958572,-120.1390894
Seal Beach,33.7423967,-118.1055926
Hacienda Heights,33.9930677,-117.968675
Escondido,33.1216751,-117.0814849
Avalon,33.34221,-118.3272612
El Monte,34.0751571,-118.036849
Hawthorne,33.9188589,-118.3483256
Montebello,34.0159398,-118.111975
Big Bear Lake,34.2440587,-116.9101808
Claremont,34.0966764,-117.7197785
Cypress,33.8248235,-118.0399368
Tarzana,34.1688075,-118.5361198
City of Industry,40.7630341,-111.8848752
Capitola,36.9762927,-121.9540577
Fort Bragg,39.4534731,-123.81491141575003
Sebastopol,38.3845125,-122.8332501583744
Calabasas,34.1446643,-118.6440973
Mendocino,39.3176491,-123.4126399
Downey,33.942215,-118.1235646
Rancho Mirage,33.770859,-116.42687402345575
Rancho Palos Verdes,33.7483311,-118.3707683
Pismo Beach,33.7312058,-117.7697509
Aptos,36.993645,-121.89194984597702
Placentia,33.8714814,-117.8617337
St Helena,38.5052288,-122.4700424
Corona Del Mar,33.5995916,-117.8737398
Pacific Palisades,34.0480643,-118.5264706
Rancho Santa Margarita,33.6408845,-117.6029341
Marina del Rey,33.9776848,-118.4486479
Morro Bay,35.3658075,-120.8499013
Colma,37.6766821,-122.4596031
Larkspur,37.9340915,-122.5352539
Guerneville,38.5017085,-122.9959133
Los Alamitos,33.8038865,-118.0772433
Corte Madera,37.9254806,-122.5274755
Simi Valley,34.2677404,-118.7538071
Brisbane,37.687165,-122.4027942
National City,32.6781085,-117.0991967
Lomita,33.8036545,-118.3195014
Lawndale,33.8885217,-118.3531991
Ojai,34.4480495,-119.242889
Pacific Grove,36.6211374,-121.91779
San Juan Capistrano,33.5016932,-117.6625509
Cabazon,33.9090305,-116.77953445075823
Newhall,34.3798765,-118.5291917
Yosemite National Park,37.84054795,-119.51658779802511
Los Olivos,34.6677646,-120.114847
Valley Village,34.1637147,-118.3965758
Universal City,34.1412229,-118.3581941
Rutherford,53.4184339,-113.528997
Tiburon,37.8734371,-122.4566122
Big Sur,36.270241,-121.8074545
Auburn,38.8945939,-121.0739897
Geyserville,38.707687,-122.9024964
Toluca Lake,34.1521688,-118.3571417
Reseda,34.2000784,-118.5369884
Glen Ellen,38.355533,-122.53907290000001
Indio,33.743764999999996,-116.22331524966393
Bellflower,33.8825705,-118.1167679
St. Helena,38.5052288,-122.4700424
Agoura Hills,34.14791,-118.7657042
Playa Del Rey,33.9541453,-118.4388067
Stanton,33.79410005,-117.99510059728792
Julian,33.078597,-116.6023154
Woodside,37.4299388,-122.2538557
Westwood,34.0561207,-118.4306347
Tahoe City,39.1689372,-120.1434787
Orange County,33.7500378,-117.8704931
Templeton,35.5496939,-120.7060049
West Los Angeles,34.0463986,-118.448135
Moreno Valley,33.937517,-117.2305944
Buellton,34.6134727,-120.1936692
La Canada Flintridge,34.1998302,-118.2005236
Altadena,34.1863161,-118.1352329
Point Reyes Station,38.0690895,-122.8069356
Pebble Beach,36.5672414,-121.9442134
Pescadero,37.2516018,-122.3821927
Bishop,37.363679,-118.3952405
Newport Coast,33.5963719,-117.8268219
Philo,39.0657324,-123.4450093
Kenwood,38.4138005,-122.5460935
East Palo Alto,37.4688273,-122.1410751
Cayucos,35.4427512,-120.8921254
Oakville,43.447436,-79.666672
Eagle Rock,34.1390325,-118.2140958
Pico Rivera,33.9830688,-118.096735
Forestville,48.739437,-69.088211
Westchester,33.9597349,-118.4006322
Stinson Beach,37.9008084,-122.6450801
Marina,36.6900986,-121.80062933026213
Sunset Beach,33.7179231,-118.0706056
City Of Industry,40.7630341,-111.8848752
Carmel by the Sea,36.5552387,-121.9232879
Compton,33.894927,-118.226624
San Simeon,35.6133158,-121.1442346
Avila Beach,35.1799752,-120.731841
Moorpark,34.285558,-118.8820414
Century City,34.0573589,-118.4146078
Topanga,34.0908579,-118.5972512
San Marino,34.1215947,-118.1057394
Carmel-by-the-Sea,36.5552387,-121.9232879
Isla Vista,34.4115125,-119.8562131
Boulder Creek,37.1379925,-122.12194488828125
Moss Beach,37.52011950000001,-122.5096690223618
Marshall,38.1604766,-122.8941619
Sierra Madre,34.1616729,-118.0528456
Moss Landing,36.8035837,-121.78627115469712
Kettleman City,36.008937,-119.96268016861069
Winnetka,34.1974485,-118.5710059
Belvedere Tiburon,37.8771208,-122.4616696
Lee Vining,37.9574254,-119.1218156
Clayton,37.9410341,-121.9357925
Coalinga,36.139678,-120.3601496
Yosemite,37.84054795,-119.51658779802511
Baker,35.0421963,-117.6675604
Wrightwood,34.3608341,-117.633388
Granite Bay,38.7632346,-121.1638361
Kirkwood,38.690863,-120.0545120325384
Corona del Mar,33.5995916,-117.8737398
Carnelian Bay,39.2270008,-120.0812364
Freestone,38.3724152,-122.9155516
Gustine,37.2577171,-120.9988154
Muir Beach,37.866133000000005,-122.589882612626
Silver Lake,34.0896518,-118.2693735
Redondo,33.8448221,-118.3829065
Graton,38.438618500000004,-122.86569767534337
Ocean Beach,32.7448067,-117.2476067
Bell,33.9747806,-118.1866361
Point Loma,32.7265255,-117.2444542
Carmel By The Sea,36.5552387,-121.9232879
Montara Beach,37.5494205,-122.49354100463822
